{"cameraMode":{"drawMode":0,"name":"Shaded","section":"Shading Mode"},"sceneLighting":true,"audioPlay":false,"sceneViewState":{"showFog":true,"showMaterialUpdate":false,"showSkybox":false,"showFlares":true,"showImageEffects":true,"showParticleSystems":true},"in2DMode":false,"pivot":{"x":-0.14716112613677979,"y":0.3862934112548828,"z":-1.4922387599945069},"rotation":{"x":0.320278137922287,"y":-0.08247483521699906,"z":0.028592342510819436,"w":0.9434713125228882},"size":7.380868911743164,"orthographic":false}