{"cameraMode":{"drawMode":0,"name":"Shaded","section":"Shading Mode"},"sceneLighting":false,"audioPlay":false,"sceneViewState":{"showFog":true,"showMaterialUpdate":false,"showSkybox":false,"showFlares":true,"showImageEffects":true,"showParticleSystems":true},"in2DMode":false,"pivot":{"x":-8.101451873779297,"y":1.6951981782913209,"z":6.79176139831543},"rotation":{"x":-0.044445350766181949,"y":-0.9167072772979736,"z":0.10506478697061539,"w":-0.38333985209465029},"size":4.041658401489258,"orthographic":false}